<?xml version="1.0" encoding="UTF-8"?>
<actions>
    <action>
        <actionName>build</actionName>
        <packagings>
            <packaging>*</packaging>
        </packagings>
        <goals>
            <goal>compile</goal>
            <goal>assembly:single</goal>
        </goals>
    </action>
    <action>
        <actionName>build-with-dependencies</actionName>
        <reactor>also-make</reactor>
        <packagings>
            <packaging>*</packaging>
        </packagings>
        <goals>
            <goal>compile</goal>
            <goal>assembly:single</goal>
        </goals>
    </action>
    <action>
        <actionName>rebuild</actionName>
        <packagings>
            <packaging>*</packaging>
        </packagings>
        <goals>
            <goal>clean</goal>
            <goal>compile</goal>
            <goal>assembly:single</goal>
        </goals>
    </action>
    <action>
        <actionName>CUSTOM-checkstyle</actionName>
        <displayName>checkstyle</displayName>
        <goals>
            <goal>checkstyle:check</goal>
        </goals>
    </action>
    <action>
        <actionName>CUSTOM-javadoc</actionName>
        <displayName>javadoc</displayName>
        <goals>
            <goal>javadoc:javadoc</goal>
        </goals>
    </action>
    <action>
        <actionName>CUSTOM-build</actionName>
        <displayName>build</displayName>
        <goals>
            <goal>clean</goal>
            <goal>compile</goal>
            <goal>assembly:single</goal>
        </goals>
    </action>
    <action>
        <actionName>CUSTOM-test</actionName>
        <displayName>test</displayName>
        <goals>
            <goal>test</goal>
        </goals>
    </action>
</actions>
